<?xml version="1.0" encoding="UTF-8"?>
<!DOCTYPE hibernate-configuration PUBLIC
	"-//Hibernate/Hibernate Configuration DTD 3.0//EN"
	"http://www.hibernate.org/dtd/hibernate-configuration-3.0.dtd">

<hibernate-configuration>
	<session-factory>
		<property name="connection.driver_class">com.mysql.jdbc.Driver</property>
		<property name="connection.url">jdbc:mysql://localhost:3306/hibernate</property>
		<property name="connection.username">root</property>
		<property name="connection.password">asdfghjkl@1234</property>
		<property name="dialect">org.hibernate.dialect.MySQL8Dialect</property>
		<property name="hbm2ddl.auto">update</property>
		<property name="show_sql">true</property>
		<property name="format_sql">true</property>
		
		<mapping class="com.hibernate.Student"/>
		<mapping class="com.hibernate.Address"/>
		<mapping class="com.mapping.Question"/>
		<mapping class="com.mapping.Answer"/>
		<mapping class="com.onetomany.Ques"/>
		<mapping class="com.onetomany.Ans"/>
		<mapping class="com.manytomany.Emp"/>
		<mapping class="com.manytomany.Project"/>
	</session-factory>
</hibernate-configuration>